-- phpMyAdmin SQL Dump
-- version 4.5.4.1deb2ubuntu2.1
-- http://www.phpmyadmin.net
--
-- Хост: localhost
-- Время создания: Май 07 2020 г., 09:30
-- Версия сервера: 5.7.29-0ubuntu0.16.04.1
-- Версия PHP: 7.0.33-0ubuntu0.16.04.12

SET SQL_MODE = "NO_AUTO_VALUE_ON_ZERO";
SET time_zone = "+00:00";


/*!40101 SET @OLD_CHARACTER_SET_CLIENT=@@CHARACTER_SET_CLIENT */;
/*!40101 SET @OLD_CHARACTER_SET_RESULTS=@@CHARACTER_SET_RESULTS */;
/*!40101 SET @OLD_COLLATION_CONNECTION=@@COLLATION_CONNECTION */;
/*!40101 SET NAMES utf8mb4 */;

--
-- База данных: `admin_chats`
--

-- --------------------------------------------------------

--
-- Структура таблицы `accounts`
--

CREATE TABLE `accounts` (
  `id` int(11) NOT NULL,
  `vk` int(11) NOT NULL,
  `name` text CHARACTER SET utf8mb4 COLLATE utf8mb4_bin NOT NULL,
  `surname` text NOT NULL,
  `donate` int(11) NOT NULL,
  `Status` int(11) NOT NULL,
  `sms` int(11) NOT NULL,
  `uvedom` int(11) NOT NULL
) ENGINE=InnoDB DEFAULT CHARSET=utf8;

--
-- Дамп данных таблицы `accounts`
--

INSERT INTO `accounts` (`id`, `vk`, `name`, `surname`, `donate`, `Status`, `sms`, `uvedom`) VALUES
(1, 217885070, 'Максим', 'Омельчук', 10035, 3, 106104, 1),
(2, 590852627, 'Вадим', 'Лошкевичь', 0, 1, 8, 0),
(3, 511841584, 'Никита', 'Турчинович', 0, 1, 3, 1),
(4, 308183562, 'Влад', 'Крисс', 0, 1, 43, 1),
(5, 513693554, 'Ольга', 'Петрова', 0, 1, 2, 1),
(6, 427591074, 'Александр', 'Савандер', 0, 1, 240, 1),
(7, 496435475, 'Ваня', 'Изотов', 0, 1, 11, 1),
(8, 318041971, 'Тима', 'Коптелов', 0, 1, 29, 1),
(9, 557551494, 'Валерий', 'Михайлович-Миллер', 0, 1, 175, 1),
(10, 470564786, 'Стёпа', 'Бегун', 0, 1, 18, 1),
(11, 576374223, 'Багуст', 'Буфо', 0, 1, 98, 1),
(12, 22950461, 'Андрей', 'Мосьондз', 0, 1, 3, 1),
(13, 569901576, 'Санек', 'Бессмертный', 0, 1, 0, 1),
(14, 482604612, 'Юрий', 'Суздальцев', 0, 1, 3, 1),
(15, 561078745, 'Валера', 'Ермолинский', 0, 1, 31, 1),
(16, 533692580, 'Иванов', 'Андрей', 0, 1, 46, 1),
(17, 522954565, 'Кирилл', 'Зайцев', 0, 1, 54, 1),
(18, 469598408, 'Ваня', 'Лазарев', 0, 1, 284, 1),
(19, 341520895, 'Кирилл', 'Марков', 0, 1, 104, 0),
(20, 426079147, 'Ранис', 'Если-Не-Ты-То-Тебя', 0, 1, 0, 1),
(21, 502071912, 'Никита', 'Тугузов', 0, 1, 0, 1),
(22, 557261795, 'Евгений', 'Богданов', 0, 1, 0, 1),
(23, 222330048, 'Артём', 'Холодный', 0, 1, 2, 1),
(24, 442328587, 'Рома', 'Штакельберг', 0, 1, 0, 1),
(25, 336709472, 'Олеся', 'Ильина', 0, 1, 3, 1),
(26, 232254330, 'Клим', 'Цалко', 0, 1, 20, 1),
(27, 253115097, 'Виктория', 'Григорьева', 0, 1, 9, 1),
(28, 439094959, 'Владислав', 'Барков', 0, 1, 46, 1),
(29, 412885473, 'Amin', 'Asadov', 0, 1, 3, 1),
(30, 340004853, 'Евгений', 'Терёхин', 0, 1, 0, 1),
(31, 528510698, 'Владислав', 'Шатохин', 0, 1, 7, 1),
(32, 533126121, 'Миша', 'Сиваков', 0, 1, 23, 1),
(33, 451073906, 'Дмитрий', 'Дорофеев', 0, 1, 5, 1),
(34, 295806550, 'Дмитрий', 'Дмитриев', 0, 1, 0, 1),
(35, 492672295, 'Никита', 'Воронцов', 0, 1, 6, 1),
(36, 557663397, 'Николай', 'Плотников', 0, 1, 0, 1),
(37, 208694621, 'Кирилл', 'Никифоров', 0, 1, 1, 1),
(38, 558396591, 'Semen', 'Odincov', 0, 1, 0, 1),
(39, 439357474, 'Таня', 'Смирнова', 0, 1, 0, 1),
(40, 511955021, 'Тимофей', 'Мазунин', 0, 1, 0, 1),
(41, 232919843, 'Таисия', 'Денисович', 0, 1, 1, 1),
(42, 376647973, 'Виктория', 'Болод', 0, 1, 0, 1),
(43, 553726988, 'Даня', 'Морозов', 0, 1, 0, 1),
(44, 503296945, 'Влад', 'Нестеров', 0, 1, 3, 1),
(45, 566715685, 'Дарья', 'Поляковская', 0, 1, 2, 1),
(46, 231079607, 'Егор', 'Прокофьев', 0, 1, 76, 1),
(47, 551014828, 'Егор', 'Прокофьев', 0, 1, 13, 1),
(48, 445361804, 'Эдик', 'Капинус', 0, 1, 0, 1),
(49, 592593805, 'Ян', 'Алмазов', 0, 1, 3, 1),
(50, 271945709, 'Тигран', 'Кочарян', 2, 1, 67, 1),
(51, 329746874, 'Артём', 'Малкин', 0, 1, 6, 1),
(52, 479651770, 'Егор', 'Чернов', 0, 1, 0, 1),
(53, 444843804, 'Виктория', 'Рягоева', 0, 1, 0, 1),
(54, 570308204, 'Королева', 'Шоханская', 0, 1, 0, 1),
(55, 475090536, 'Олег', 'Беличев', 0, 1, 0, 1),
(56, 561874502, 'Алиса', 'Бурсина', 0, 1, 0, 1),
(57, 363542440, 'Евгений', 'Лимонов', 0, 1, 16, 1),
(58, 524096181, 'Семён', 'Меньшиков', 0, 1, 9, 0),
(59, 506796770, 'Max', 'Denisovish', 0, 1, 0, 1),
(60, 590605557, 'Матвей', 'Маланьюшкин', 0, 1, 0, 1),
(61, 499276829, 'Тимур', 'Садриев', 0, 1, 0, 1),
(62, 533223656, 'Якуб', 'Шкиперов', 0, 1, 0, 1),
(63, 516589741, 'Даниил', 'Персиков', 0, 1, 1, 1),
(64, 369629900, 'Роман', 'Щербаков', 0, 1, 1, 1),
(65, 559731845, 'Иван', 'Степанов', 0, 1, 6, 1),
(66, 288803128, 'Арсений', 'Свечинский', 0, 1, 0, 1),
(67, 307640700, 'Александр', 'Архангельский', 0, 1, 4, 1),
(68, 542369598, 'Саша', 'Татарников', 0, 1, 0, 1),
(69, 513651639, 'Dima', 'Filkov', 0, 1, 3, 1),
(70, 515509093, 'Эльдар', 'Миндубаев', 0, 1, 2, 1),
(71, 421113667, 'Егор', 'Фролов', 0, 1, 2, 1),
(72, 556842930, 'Артём', 'Елисеев', 0, 1, 1, 1),
(73, 533315795, 'Олеся', 'Кленькова', 0, 1, 1, 1),
(74, 558888653, 'Егор', 'Волков', 0, 1, 205, 1),
(75, 478829905, 'Арина', 'Игнатова', 0, 1, 3, 1),
(76, 213778167, 'Кирилл', 'Кириллов', 0, 1, 10, 1),
(77, 421818227, 'Кристина', 'Черкун', 0, 1, 0, 1),
(78, 470167330, 'Вика', 'Аксёнова', 0, 1, 4, 1),
(79, 550707723, 'Лилия', 'Анисимова', 0, 1, 4, 1),
(80, 576072164, 'Артём', 'Курочкин', 0, 1, 43, 1),
(81, 457181152, 'Павел', 'Савченко', 0, 1, 16, 1),
(82, 507278499, 'Арсен', 'Керимов', 0, 1, 113, 1),
(83, 580352864, 'Ikkero', 'Fake', 0, 1, 122, 1),
(84, 579808818, 'Алина', 'Данилова', 0, 1, 0, 1),
(85, 451320155, 'Александр', 'Леонов', 0, 1, 68, 1),
(86, 263099506, 'Кирилл', 'Ларин', 0, 1, 8, 1),
(87, 573908696, 'Таня', 'Моисеева', 0, 1, 1, 1),
(88, 571440656, 'Антон', 'Гуляев', 0, 1, 0, 1),
(89, 491235239, 'Аня', 'Захарова', 0, 1, 0, 1),
(90, 383620188, 'Артём', 'Челышев', 0, 1, 3, 1),
(91, 578389306, 'Иван', 'Королев', 0, 1, 3, 1),
(92, 577349098, 'Лев', 'Бордийчук', 0, 1, 0, 1),
(93, 488269997, 'Александр', 'Свитнев', 0, 1, 1, 1),
(94, 469251335, 'Ангелина', 'Зайцева', 0, 1, 135, 1),
(95, 546339910, 'Alexander', 'Johanson', 0, 1, 0, 1),
(96, 547868366, 'Цига', 'Катакеевич', 0, 1, 0, 1),
(97, 526891708, 'Слава', 'Крылов', 0, 1, 15, 1),
(98, 556681858, 'Аружан', 'Алиева', 0, 1, 2, 1),
(99, 509599948, 'Арсений', 'Волков', 0, 1, 2, 1),
(100, 443957801, 'Амангельды', 'Нурсултан', 0, 1, 0, 1),
(101, 589992005, 'Влад', 'Алмазов', 0, 1, 0, 1),
(102, 282382929, 'Влад', 'Волк', 0, 1, 2, 1),
(103, 542383392, 'Вадим', 'Бледных', 0, 1, 43, 1),
(104, 504069062, 'Алексей', 'Герасимов', 0, 1, 665, 1),
(105, 56460525, 'Макс', 'Фирсов', 0, 1, 349, 0),
(106, 141850082, 'Егор', 'Миронов', 0, 1, 34, 0),
(107, 493719281, 'Соня', 'Стояк', 0, 1, 729, 1),
(108, 568908135, 'Александра', 'Добровольская', 0, 1, 29, 1),
(109, 443609856, 'Еркош', 'Туралин', 0, 1, 141, 1),
(110, 387067149, 'Вадим', 'Чикризов', 0, 1, 572, 1),
(111, 224616407, 'Даниил', 'Луговой', 0, 1, 75, 1),
(112, 535411449, 'Адам', 'Арабов', 0, 1, 117, 1),
(113, 495596347, 'Tutti', 'Frutti', 0, 1, 1510, 1),
(114, 405720558, 'Артур', 'Одров', 0, 1, 26, 1),
(115, 523485617, 'Vasiliy', 'Burya', 0, 1, 12, 1),
(116, 583768249, 'Flik', 'Shot', 0, 1, 23, 1),
(117, 563970517, 'Яна', 'Самусева', 0, 1, 0, 1),
(118, 472471467, 'Илья', 'Хужахметов', 0, 1, 130, 1),
(119, 218101975, 'Юрий', 'Паника', 0, 1, 102, 1),
(120, 486564087, 'Тимур', 'Макаров', 0, 1, 195, 1),
(121, 593428921, 'Кирилл', 'Липтон', 0, 1, 35, 1),
(122, 279968556, 'Кемал', 'Сафаров', 0, 1, 3, 1),
(123, 396458424, 'Александр', 'Самойлов', 0, 1, 219, 1),
(124, 275860630, 'Роман', 'Молибога', 0, 1, 183, 1),
(125, 389868703, 'Эрнест', 'Костенко', 0, 1, 533, 1),
(126, 334073093, 'Илья', 'Пинский', 0, 1, 155, 1),
(127, 296652875, 'Кирилл', 'Зверев', 0, 1, 239, 1),
(128, 509648931, 'Аделина', 'Фролова', 0, 1, 196, 1),
(129, 199513496, 'Витёк', 'Котик', 0, 1, 0, 1),
(130, 271962532, 'Евгений', 'Козлов', 0, 1, 4, 1),
(131, 327798484, 'Иван', 'Чернец', 0, 1, 48, 1),
(132, 568780245, 'Da', 'Net', 0, 1, 83, 1),
(133, 493947428, 'Егор', 'Долматов', 0, 1, 23, 1),
(134, 406219447, 'Даня', 'Кадыров', 0, 1, 24, 1),
(135, 379786015, 'Даниил', 'Петров', 0, 1, 84, 1),
(136, 504420038, 'Ваня', 'Иванов', 0, 1, 0, 1),
(137, 575163339, 'София', 'Смирнова', 0, 1, 0, 1),
(138, 554739244, 'Андрей', 'Любимов', 0, 1, 0, 1),
(139, 540039167, 'Даниил', 'Меньшенин', 0, 1, 4, 1),
(140, 165919847, 'Данил', 'Ищенко', 0, 1, 2, 1),
(141, 423555969, 'Владiслав', 'Швiдов', 0, 1, 287, 1),
(142, 533510979, 'Тёма', 'Очагов', 0, 1, 4, 1),
(143, 463494178, 'Далгат', 'Абдулаев', 0, 1, 33, 1),
(144, 455116319, 'Стас', 'Куземский', 0, 1, 25, 1),
(145, 582910158, 'Виталий', 'Кургин', 0, 1, 38, 1),
(146, 482733131, 'Абабакир', 'Кошбаев', 0, 1, 0, 1),
(147, 501701071, 'Даня', 'Дрожко', 0, 1, 0, 1),
(148, 570822022, 'Руслан', 'Смагулов', 0, 1, 1, 1),
(149, 172647442, 'Артур', 'Шадов', 0, 1, 160, 1),
(150, 530547400, 'Шухрат', 'Исроилов', 0, 1, 35, 1),
(151, 294137558, 'Дмитрий', 'Истоцкий', 0, 1, 218, 1),
(152, 222242924, 'Али', 'Литвинов', 0, 1, 4, 1),
(153, 462473045, 'Максим', 'Мистин', 0, 1, 0, 1),
(154, 463789864, 'Александр', 'Трумеров', 0, 1, 171, 1),
(155, 575749594, 'Алик', 'Мустафаев', 0, 1, 71, 1),
(156, 482219328, 'Артём', 'Андреев', 0, 1, 15, 1),
(157, 514678790, 'Стёпа', 'Литвин', 0, 1, 28, 1),
(158, 528308638, 'Aleksey', 'Boyko', 0, 1, 3, 1),
(159, 353999031, 'Максим', 'Полосин', 0, 1, 1, 1),
(160, 458769912, 'Темирлан', 'Даулетбек', 0, 1, 2, 1),
(161, 504013938, 'Олег', 'Майоров', 0, 1, 26, 1),
(162, 515396823, 'Андрей', 'Лукьянов', 0, 1, 33, 1),
(163, 517920908, 'Егор', 'Гореленко', 0, 1, 1, 1),
(164, 553405541, 'Вован', 'Топчег', 0, 1, 1, 1),
(165, 341832220, 'Илья', 'Чёрный', 0, 1, 8, 1),
(166, 572652413, 'Фома', 'Кузьмин', 0, 1, 0, 1),
(167, 541280148, 'Никита', 'Мазько', 0, 1, 0, 1),
(168, 544014376, 'Максим', 'Серебряков', 0, 1, 3, 1),
(169, 506323198, 'Санек', 'Арсениев', 0, 1, 0, 1),
(170, 587300211, 'Vanya', 'Lufen', 0, 1, 14, 1),
(171, 388813975, 'Тимур', 'Силуянов', 0, 1, 12, 1),
(172, 303174331, 'Руслан', 'Муравейко', 0, 1, 46, 1),
(173, 535139326, 'Данил', 'Адвена', 0, 1, 3, 1),
(174, 525466996, 'Никита', 'Петруха', 0, 1, 2, 1),
(175, 580516871, 'Mike', 'Hunter', 0, 1, 18, 1),
(176, 505992244, 'Никита', 'Бобров', 0, 1, 0, 1),
(177, 511103743, 'Гендальф', 'Белорусский', 0, 1, 98, 1),
(178, 522658762, 'Максим', 'Калинов', 0, 1, 0, 1),
(179, 336569288, 'Ваня', 'Демаков', 0, 1, 1, 1),
(180, 534569042, 'Илья', 'Молдованов', 0, 1, 2, 1),
(181, 375747392, 'Денис', 'Хафизов', 0, 1, 0, 1),
(182, 503160599, 'Руслан', 'Соколов', 0, 1, 0, 1),
(183, 545315125, 'Трофим', 'Афанасьев', 0, 1, 0, 1),
(184, 578956079, 'No', 'Name', 0, 1, 1, 1),
(185, 487948034, 'Дмитрий', 'Виноградов', 0, 1, 8, 1),
(186, 443175611, 'Гоша', 'Аврорин', 0, 1, 2, 1),
(187, 538944619, 'Андрей', 'Лоскутов', 0, 1, 2, 1),
(188, 361556482, 'Давыд', 'Некрасов', 0, 1, 89, 1),
(189, 361413485, 'Сергей', 'Майский', 0, 1, 8, 1),
(190, 373609710, 'Егор', 'Павлов', 0, 1, 2, 1),
(191, 111242097, 'Георгий', 'Кобидзе', 0, 1, 24, 1),
(192, 268141214, 'Олег', 'Логинов', 0, 1, 8, 1),
(193, 462898230, 'Ростислав', 'Полков', 0, 1, 23, 1),
(194, 389778181, 'Егор', 'Самарский', 0, 1, 6, 1),
(195, 516071446, 'Илья', 'Старченков', 0, 1, 15, 1),
(196, 537042684, 'Глеб', 'Коваленко', 0, 1, 74, 1),
(197, 577378239, 'Вова', 'Щербец', 0, 1, 6, 1),
(198, 488257176, 'Ильдар', 'Айтуков', 0, 1, 0, 1),
(199, 419307764, 'Максим', 'Шиганов', 0, 1, 1, 1),
(200, 259533897, 'Даня', 'Князев', 0, 1, 0, 1),
(201, 548027717, 'Калиста', 'Сесли', 0, 1, 1, 1),
(202, 569978936, 'No', 'Name', 0, 1, 2, 1),
(203, 511106078, 'Камиль', 'Абдульменев', 0, 1, 0, 1),
(204, 466294355, 'Вадим', 'Степанов', 0, 1, 1, 1),
(205, 420035850, 'Саша', 'Звягин', 0, 1, 3, 1),
(206, 533788567, 'Максим', 'Максимов', 0, 1, 0, 1),
(207, 458852015, 'Ваня', 'Коновалов', 0, 1, 0, 1),
(208, 417886757, 'Ярослав', 'Ивлев', 0, 1, 1, 1),
(209, 481228615, 'Эдик', 'Алимов', 0, 1, 0, 1),
(210, 495028728, 'Агван', 'Нойдер', 0, 1, 220, 1),
(211, 453193343, 'Марк', 'Гончар', 0, 1, 6, 1),
(212, 345842245, 'Тарас', 'Ямщиков', 0, 1, 1, 1),
(213, 228374711, 'Данил', 'Юсупов', 0, 1, 1, 1),
(214, 527981680, 'Женя', 'Новицкий', 0, 1, 3, 1),
(215, 388084757, 'Даниил', 'Миляев', 0, 1, 6, 1),
(216, 393562668, 'Олег', 'Фомин', 0, 1, 11, 1),
(217, 544911516, 'Кирилл', 'Меркулов', 0, 1, 1, 1),
(218, 574232940, 'Дима', 'Фаренюк', 0, 1, 4, 1),
(219, 459575934, 'Александр', 'Камаев', 0, 1, 36, 1),
(220, 458895875, 'Миша', 'Спартаков', 0, 1, 8, 1),
(221, 578325510, 'Heil', 'Femon', 0, 1, 0, 1),
(222, 576479037, 'Ярослав', 'Орлов', 0, 1, 1, 1),
(223, 547968964, 'Алексей', 'Евграфов', 0, 1, 2, 1),
(224, 143846572, 'Амалия', 'Даровских', 0, 1, 1, 1),
(225, 298649445, 'Максим', 'Сидоренко', 0, 1, 3, 1),
(226, 576710676, 'Олег', 'Васильев', 0, 1, 0, 1),
(227, 398238973, 'Александр', 'Мищенко', 0, 1, 0, 1),
(228, 543765564, 'Тигран', 'Потапов', 0, 1, 0, 1),
(229, 513367312, 'Эльза', 'Снежова', 0, 1, 6, 1),
(230, 163082415, 'Александр', 'Гришин', 0, 1, 22, 1),
(231, 559997742, 'Pluto', 'Planet', 0, 1, 1, 1),
(232, 339182612, 'Виталий', 'Крылов', 0, 1, 5, 1),
(233, 586105023, 'Николай', 'Гвардеев', 0, 1, 5, 1),
(234, 547312717, 'Артемий', 'Миронов', 0, 1, 0, 1),
(235, 431338552, 'Миша', 'Куриленко', 0, 1, 0, 1),
(236, 470039415, 'Макс', 'Константинов', 0, 1, 24, 1),
(237, 314941834, 'Тимур', 'Есин', 0, 1, 0, 1),
(238, 571632403, 'Дима', 'Иванов', 0, 1, 0, 1),
(239, 313347358, 'Илья', 'Морковкин', 0, 1, 305, 1),
(240, 502584662, 'Диана', 'Локтева', 0, 1, 26, 1),
(241, 464557672, 'Мага', 'Гусейнов', 0, 1, 27, 1),
(242, 244652898, 'Илья', 'Ворон', 0, 1, 0, 1),
(243, 568340713, 'Александра', 'Аксенова', 0, 1, 0, 1),
(244, 347045945, 'Евгений', 'Белов', 0, 1, 0, 1),
(245, 571843010, 'Алексий', 'Жопин', 0, 1, 0, 1),
(246, 529515805, 'Артем', 'Циберман', 0, 1, 77, 1),
(247, 595185152, 'Рейд', 'Грэйдэр', 0, 1, 0, 1),
(248, 348011153, 'Даниил', 'Донец', 0, 1, 4, 1),
(249, 515711748, 'Артём', 'Лекарь', 0, 1, 14, 1),
(250, 574296314, 'Алексей', 'Иванов', 0, 1, 0, 1),
(251, 287914102, 'Роман', 'Воробьёв', 0, 1, 0, 1),
(252, 492227403, 'Даня', 'Волков', 0, 1, 2, 1),
(253, 157551406, 'Кирилл', 'Ендулов', 0, 1, 0, 1),
(254, 414952678, 'Артём', 'Соколов', 0, 1, 0, 1),
(255, 543292176, 'Василий', 'Никифоров', 0, 1, 0, 1),
(256, 564799068, 'Вика', 'Томилина', 0, 1, 7, 1),
(257, 527616570, 'Олег', 'Карпов', 0, 1, 0, 1),
(258, 469229067, 'Илья', 'Варспировский', 0, 1, 1, 1),
(259, 560236856, 'Артём', 'Лисовский', 0, 1, 0, 1),
(260, 321483594, 'Валерий', 'Пашкевич', 0, 1, 0, 1),
(261, 289283181, 'Владимир', 'Киреев', 0, 1, 0, 1),
(262, 168449244, 'Алексей', 'Сендега', 0, 1, 0, 1),
(263, 579551490, 'Михаил', 'Марлов', 0, 1, 0, 1),
(264, 384857889, 'Макс', 'Дьяченко', 0, 1, 17, 1),
(265, 335969796, 'Imran', 'As', 0, 1, 0, 1),
(266, 305285932, 'Тимофей', 'Чуваков', 0, 1, 11, 1),
(267, 219299158, 'Shinjo', 'Anikazau', 0, 1, 0, 1),
(268, 371047906, 'Даня', 'Котек', 0, 1, 0, 1),
(269, 581009439, 'Арман', 'Белый', 0, 1, 0, 1),
(270, 576606472, 'Никита', 'Морозов', 0, 1, 0, 1),
(271, 243407270, 'Ярик', 'Фидотов', 0, 1, 0, 1),
(272, 2000000050, 'DELETED', '', 0, 1, 0, 1),
(273, 459859392, 'Егор', 'Цветков', 0, 1, 0, 1),
(274, 482827962, 'Роллан', 'Волков', 0, 1, 0, 1),
(275, 250497346, 'Женя', 'Лепетухин', 0, 1, 0, 1),
(276, 386082583, 'Гордей', 'Петров', 0, 1, 14, 1),
(277, 481695368, 'Влад', 'Митин', 0, 1, 0, 1),
(278, 499712059, 'Георгий', 'Туз', 0, 1, 0, 1),
(279, 546720955, 'Dima', 'Kostuyk', 0, 1, 0, 1),
(280, 591282100, 'Золотой', 'Граммофон', 0, 1, 0, 1),
(281, 544122502, 'Екатерина', 'Захарова', 0, 1, 15, 1),
(282, 494263840, 'Рустам', 'Теплов', 0, 1, 0, 1),
(283, 550427464, 'Nikita', 'Rykov', 0, 1, 0, 1),
(284, 512308120, 'Ахмет', 'Магомедов', 0, 1, 0, 1),
(285, 445928461, 'Никита', 'Черепанов', 0, 1, 0, 1),
(286, 271771857, 'Алексей', 'Черепанов', 0, 1, 0, 1),
(287, 482547649, 'Ruslan', 'Gasanov', 0, 1, 0, 1),
(288, 522736453, 'Владислав', 'Чередников', 0, 1, 0, 1),
(289, 486660418, 'Sanzhar', 'Smagulov', 0, 1, 0, 1),
(290, 549875329, 'Aidana', 'Umarova', 0, 1, 0, 1),
(291, 535338333, 'Катя', 'Милешко', 0, 1, 0, 1),
(292, 334443149, 'Андрей', 'Лунев', 0, 1, 0, 1),
(293, 570834143, 'Сергей', 'Данилов', 0, 1, 0, 1),
(294, 549963103, 'Кирилл', 'Масарновский', 0, 1, 0, 1),
(295, 588164343, 'Даша', 'Жук', 0, 1, 0, 1),
(296, 509771947, 'Александра', 'Курская', 0, 1, 0, 1),
(297, 382505203, 'Алан', 'Калашников', 0, 1, 2, 1),
(298, 485040188, 'Артем', 'Миронов', 0, 1, 0, 1),
(299, 150554555, 'Иван', 'Иванов', 0, 1, 0, 1),
(300, 587667278, 'Asf', 'Asfas', 0, 1, 0, 1),
(301, 415445046, 'Андрей', 'Торохов', 0, 1, 0, 1),
(302, 454174990, 'Каролина', 'Демидовец', 0, 1, 2, 1),
(303, 502962653, 'Аноним', 'Доброжелательный', 0, 1, 0, 1),
(304, 434343764, 'Lenya', 'Play', 0, 1, 2, 1),
(305, 382834445, 'Анастасия', 'Игонькина', 0, 1, 12, 1),
(306, 193101697, 'Антон', 'Афонин', 0, 1, 0, 1),
(307, 268732864, 'Олег', 'Романов', 0, 1, 235, 1),
(308, 326869811, 'Антон', 'Павлов', 0, 1, 7, 1),
(309, 179365663, 'Андрей', 'Майский', 0, 1, 58, 1),
(310, 160311081, 'Олег', 'Михайлов', 0, 1, 5, 1),
(311, 565459237, 'Диана', 'Гудимова', 0, 1, 0, 1),
(312, 312124118, 'Денис', 'Кондеров', 0, 1, 0, 1),
(313, 559275290, 'Просто', 'Улыбайся', 0, 1, 0, 1),
(314, 570927517, 'Валерия', 'Иванова', 0, 1, 0, 1),
(315, 594236401, 'Лера', 'Милохина', 0, 1, 0, 1),
(316, 561244207, 'Маргоша', 'Лайки', 0, 1, 0, 1),
(317, 286030616, 'Дарья', 'Марусич', 0, 1, 0, 1),
(318, 532534174, 'Максим', 'Горбачев', 0, 1, 0, 1),
(319, 590101924, 'Виктория', 'Секретная', 0, 1, 0, 1),
(320, 269209360, 'Анастасия', 'Замотаева', 0, 1, 0, 1),
(321, 595450812, 'Алина', 'Царева', 0, 1, 0, 1),
(322, 496760662, 'Ярослав', 'Кушнарёв', 0, 1, 0, 1),
(323, 452524253, 'Сюзанна', 'Манукян', 0, 1, 0, 1),
(324, 465292298, 'Александр', 'Носович', 0, 1, 0, 1),
(325, 391177121, 'Юля', 'Мовчан', 0, 1, 0, 1),
(326, 578932545, 'Игорь', 'Смоленов', 0, 1, 0, 1),
(327, 360656457, 'Михаил', 'Ермилов', 0, 1, 16, 1),
(328, 565771334, 'Ivan', 'Batonovich', 0, 1, 0, 1),
(329, 584366601, 'Александр', 'Коржавин', 0, 1, 128, 1),
(330, 539532856, 'Соня', 'Грибанова', 0, 1, 0, 1),
(331, 551283263, 'Дима', 'Антонов', 0, 1, 0, 1),
(332, 525550456, 'Елизавета', 'Власова', 0, 1, 0, 1),
(333, 589912186, 'Валерия', 'Крисько', 0, 1, 0, 1),
(334, 483676518, 'Елена', 'Мирошник', 0, 1, 0, 1),
(335, 580054110, 'Даша', 'Панкова', 0, 1, 0, 1),
(336, 561198841, 'Kamilla', 'Kalimullina', 0, 1, 0, 1),
(337, 543063284, 'Ваня', 'Изотов', 0, 1, 0, 1),
(338, 536103901, 'Ирина', 'Шустова', 0, 1, 0, 1),
(339, 459189810, 'Юлия', 'Еф', 0, 1, 0, 1),
(340, 489704219, 'Ааандрей', 'Яреяреяреяреяреяреяреяреяреярек', 0, 1, 0, 1);

-- --------------------------------------------------------

--
-- Структура таблицы `chats`
--

CREATE TABLE `chats` (
  `id` int(11) NOT NULL,
  `owner` int(11) NOT NULL,
  `name` text CHARACTER SET utf8mb4 COLLATE utf8mb4_unicode_ci NOT NULL,
  `url` text NOT NULL,
  `lvl` int(11) NOT NULL,
  `gold` int(11) NOT NULL,
  `gold_time` text NOT NULL,
  `sms` bigint(11) NOT NULL,
  `smiles` int(11) NOT NULL,
  `stickers` int(11) NOT NULL,
  `photos` int(11) NOT NULL,
  `video` int(11) NOT NULL,
  `audio` int(11) NOT NULL,
  `doc` int(11) NOT NULL,
  `post` int(11) NOT NULL,
  `command` int(11) NOT NULL,
  `smile` int(11) NOT NULL,
  `mat` int(11) NOT NULL,
  `simvol` int(11) NOT NULL,
  `golos` int(11) NOT NULL,
  `reply` int(11) NOT NULL,
  `ssilki` int(11) NOT NULL
) ENGINE=InnoDB DEFAULT CHARSET=utf8;

--
-- Дамп данных таблицы `chats`
--

INSERT INTO `chats` (`id`, `owner`, `name`, `url`, `lvl`, `gold`, `gold_time`, `sms`, `smiles`, `stickers`, `photos`, `video`, `audio`, `doc`, `post`, `command`, `smile`, `mat`, `simvol`, `golos`, `reply`, `ssilki`) VALUES
(5, 217885070, 'Бот Снежик', '0', 1, 1, '4740927315707', 5, 0, 0, 0, 0, 0, 0, 0, 0, 0, 0, 65, 0, 0, 1),
(7, 217885070, 'Чилим', 'https://vk.me/join/AJQ1d8gqSRffobEhfxOBh4J5', 1, 1, '1902734280824', 1275, 0, 25, 52, 22, 1, 0, 3, 0, 80, 0, 32212, 0, 18, 1),
(32, 341520895, '⛔ОБЩЕНИЕ⛔🌪️PARADISE🌪️', '0', 1, 1, '1903251998368', 7772, 0, 874, 169, 25, 23, 1, 38, 0, 368, 0, 116591, 0, 76, 1),
(35, 329746874, 'Joseph, Игорь, Андрей', '0', 1, 0, '', 3, 0, 0, 0, 0, 0, 0, 0, 0, 0, 0, 19, 0, 0, 1),
(40, 271945709, 'Беседа лютого', '', 1, 0, '', 1992, 0, 33, 113, 15, 1, 1, 1, 0, 92, 0, 29725, 0, 7, 1);

-- --------------------------------------------------------

--
-- Структура таблицы `users`
--

CREATE TABLE `users` (
  `id` int(11) NOT NULL,
  `chat_id` int(11) NOT NULL,
  `user_id` int(11) NOT NULL,
  `rol` int(11) NOT NULL,
  `ban` int(11) NOT NULL,
  `tban` text NOT NULL,
  `warn` int(11) NOT NULL,
  `mute` text NOT NULL,
  `sms` int(11) NOT NULL,
  `simvol` int(11) NOT NULL,
  `lvl` int(11) NOT NULL,
  `ex` int(11) NOT NULL,
  `ex_new` int(11) NOT NULL
) ENGINE=InnoDB DEFAULT CHARSET=utf8;

--
-- Дамп данных таблицы `users`
--

INSERT INTO `users` (`id`, `chat_id`, `user_id`, `rol`, `ban`, `tban`, `warn`, `mute`, `sms`, `simvol`, `lvl`, `ex`, `ex_new`) VALUES
(1, 7, 217885070, 6, 0, '', 0, '', 344, 6018, 7, 31, 105),
(2, 7, 308183562, 1, 1, '4740920317135', 1, '', 39, 388, 2, 25, 30),
(3, 5, 217885070, 6, 0, '', 0, '', 5, 65, 1, 5, 15),
(4, 7, 513693554, 1, 1, '', 0, '', 2, 24, 1, 2, 15),
(5, 7, 427591074, 1, 0, '', 0, '', 240, 9298, 6, 15, 90),
(6, 7, 496435475, 1, 0, '33123328884615', 0, '', 11, 109, 1, 11, 15),
(7, 7, 318041971, 1, 0, '', 0, '', 29, 381, 2, 14, 30),
(8, 7, 557551494, 1, 0, '', 0, '', 175, 4184, 5, 27, 75),
(9, 7, 470564786, 1, 0, '31537587329309244', 0, '', 18, 226, 2, 4, 30),
(10, 7, 576374223, 1, 1, '', 0, '', 98, 1542, 4, 11, 60),
(11, 7, 22950461, 1, 0, '', 0, '', 3, 61, 1, 3, 15),
(12, 7, 569901576, 1, 0, '3155187329176273', 0, '', 0, 0, 1, 0, 15),
(13, 7, 482604612, 1, 1, '', 0, '', 3, 11, 1, 3, 15),
(14, 7, 561078745, 1, 1, '0', 0, '', 31, 751, 2, 16, 30),
(15, 7, 533692580, 1, 0, '0', 0, '', 46, 468, 3, 3, 45),
(16, 7, 522954565, 4, 0, '', 0, '', 54, 1734, 3, 9, 45),
(17, 7, 469598408, 1, 1, '', 0, '', 53, 4906, 3, 9, 45),
(18, 7, 341520895, 1, 1, '', 0, '', 5, 85, 1, 5, 15),
(19, 7, 426079147, 1, 1, '', 0, '', 0, 0, 1, 0, 15),
(20, 7, 502071912, 1, 1, '', 0, '', 0, 0, 1, 0, 15),
(21, 7, 557261795, 1, 0, '', 0, '', 0, 0, 1, 0, 15),
(22, 7, 222330048, 1, 1, '', 0, '', 2, 20, 1, 2, 15),
(23, 7, 442328587, 1, 0, '', 0, '', 0, 0, 1, 0, 15),
(24, 7, 336709472, 1, 1, '', 0, '', 3, 18, 1, 3, 15),
(25, 7, 232254330, 1, 0, '', 0, '', 20, 266, 2, 5, 30),
(26, 7, 253115097, 1, 0, '', 0, '', 9, 56, 1, 9, 15),
(27, 7, 439094959, 1, 0, '', 0, '', 46, 670, 3, 1, 45),
(28, 7, 412885473, 1, 0, '', 0, '', 3, 53, 1, 3, 15),
(29, 7, 340004853, 1, 1, '', 0, '', 0, 0, 1, 0, 15),
(30, 7, 528510698, 1, 0, '', 0, '', 7, 64, 1, 7, 15),
(31, 7, 533126121, 1, 0, '0', 0, '', 23, 360, 2, 8, 30),
(32, 7, 451073906, 1, 0, '', 0, '', 5, 24, 1, 5, 15),
(33, 7, 295806550, 1, 0, '', 0, '', 0, 0, 1, 0, 15),
(34, 7, 557663397, 1, 1, '', 0, '', 0, 0, 1, 0, 15),
(35, 7, 208694621, 1, 1, '', 0, '', 1, 6, 1, 1, 15),
(36, 7, 511955021, 1, 1, '', 0, '', 0, 0, 1, 0, 15),
(37, 7, 232919843, 1, 0, '', 0, '', 1, 11, 1, 1, 15),
(38, 7, 376647973, 1, 0, '', 0, '', 0, 0, 1, 0, 15),
(39, 7, 553726988, 1, 1, '', 0, '', 0, 0, 1, 0, 15),
(40, 10, 231079607, 6, 0, '', 0, '', 76, 2423, 3, 31, 45),
(41, 10, 551014828, 1, 0, '', 0, '', 13, 168, 1, 13, 15),
(42, 7, 445361804, 1, 0, '', 0, '', 0, 0, 1, 0, 15),
(43, 35, 329746874, 6, 0, '', 0, '', 6, 52, 1, 6, 15),
(44, 37, 558888653, 6, 0, '', 0, '', 205, 4682, 5, 56, 75),
(45, 37, 478829905, 1, 0, '', 0, '', 3, 22, 1, 3, 15),
(46, 37, 213778167, 1, 0, '', 0, '', 10, 119, 1, 10, 15),
(47, 37, 421818227, 1, 0, '', 0, '', 0, 0, 1, 0, 15),
(48, 37, 470167330, 1, 0, '', 0, '', 4, 57, 1, 4, 15),
(49, 37, 550707723, 1, 0, '', 0, '', 4, 76, 1, 4, 15),
(50, 37, 576072164, 1, 0, '', 0, '', 43, 757, 2, 28, 30),
(51, 37, 457181152, 1, 1, '', 0, '', 16, 28260, 2, 2, 30),
(52, 37, 507278499, 1, 0, '', 0, '', 113, 1758, 4, 23, 60),
(53, 37, 580352864, 1, 0, '', 0, '', 122, 3238, 4, 35, 60),
(54, 37, 579808818, 1, 0, '', 0, '', 0, 0, 1, 0, 15),
(55, 37, 451320155, 1, 0, '', 0, '', 71, 2486, 3, 27, 45),
(56, 37, 263099506, 1, 0, '', 0, '', 8, 74, 1, 8, 15),
(57, 37, 573908696, 1, 0, '', 0, '', 1, 9, 1, 1, 15),
(58, 37, 571440656, 1, 1, '', 0, '', 0, 0, 1, 0, 15),
(59, 37, 491235239, 1, 0, '', 0, '', 0, 0, 1, 0, 15),
(60, 37, 383620188, 1, 0, '', 0, '', 3, 31, 1, 3, 15),
(61, 37, 578389306, 1, 0, '', 0, '', 3, 7, 1, 3, 15),
(62, 37, 577349098, 1, 0, '', 0, '', 0, 0, 1, 0, 15),
(63, 37, 488269997, 1, 0, '', 0, '', 1, 20, 1, 1, 15),
(64, 37, 469251335, 1, 0, '', 0, '', 135, 3727, 4, 45, 60),
(65, 37, 546339910, 1, 0, '', 0, '', 0, 0, 1, 0, 15),
(66, 37, 547868366, 1, 0, '', 0, '', 0, 0, 1, 0, 15),
(67, 37, 526891708, 1, 0, '', 0, '', 15, 216, 2, 0, 30),
(68, 37, 556681858, 1, 0, '', 0, '', 2, 98, 1, 2, 15),
(69, 37, 509599948, 1, 0, '', 0, '', 2, 46, 1, 2, 15),
(70, 37, 443957801, 1, 0, '', 0, '', 0, 0, 1, 0, 15),
(71, 37, 589992005, 1, 0, '', 0, '', 0, 0, 1, 0, 15),
(72, 37, 282382929, 1, 0, '', 0, '', 2, 70, 1, 2, 15),
(73, 37, 542383392, 1, 0, '', 0, '', 43, 668, 2, 29, 30),
(74, 32, 341520895, 6, 0, '', 0, '', 98, 1635, 3, 9, 60),
(75, 32, 504069062, 1, 0, '', 1, '', 665, 11404, 9, 127, 135),
(76, 32, 56460525, 1, 1, '', 0, '0', 348, 4901, 7, 36, 105),
(77, 32, 141850082, 1, 0, '', 0, '', 34, 371, 2, 20, 30),
(78, 32, 493719281, 1, 0, '', 0, '', 729, 13060, 10, 58, 150),
(79, 32, 568908135, 1, 0, '', 0, '', 29, 239, 2, 14, 30),
(80, 32, 217885070, 6, 0, '', 0, '', 82, 1285, 3, 37, 45),
(81, 32, 469598408, 2, 0, '', 0, '0', 229, 2912, 6, 8, 90),
(82, 32, 443609856, 1, 0, '', 0, '', 141, 2417, 4, 51, 60),
(83, 32, 387067149, 1, 0, '', 0, '', 572, 8955, 9, 35, 135),
(84, 32, 224616407, 1, 0, '', 0, '', 75, 1340, 3, 31, 45),
(85, 32, 535411449, 1, 0, '', 0, '', 117, 1659, 4, 28, 60),
(86, 32, 495596347, 1, 1, '', 0, '', 1510, 20586, 14, 151, 210),
(87, 32, 405720558, 1, 0, '', 0, '', 26, 183, 2, 11, 30),
(88, 32, 523485617, 1, 0, '', 0, '', 12, 169, 1, 12, 15),
(89, 32, 583768249, 1, 0, '', 0, '', 23, 296, 2, 9, 30),
(90, 32, 472471467, 1, 0, '', 0, '', 130, 2009, 4, 42, 60),
(91, 32, 218101975, 1, 0, '', 0, '', 102, 1184, 4, 15, 60),
(92, 32, 486564087, 1, 0, '', 0, '', 195, 1987, 5, 47, 75),
(93, 37, 593428921, 1, 0, '', 0, '', 35, 941, 2, 20, 30),
(94, 32, 279968556, 1, 0, '', 0, '', 3, 26, 1, 3, 15),
(95, 32, 396458424, 1, 0, '', 0, '', 219, 3696, 5, 70, 75),
(96, 32, 275860630, 1, 0, '', 0, '', 183, 2673, 5, 35, 75),
(97, 32, 389868703, 1, 0, '', 0, '', 533, 9684, 8, 116, 120),
(98, 32, 334073093, 1, 0, '', 0, '', 155, 2458, 5, 7, 75),
(99, 32, 296652875, 1, 0, '', 0, '', 239, 3176, 6, 17, 90),
(100, 32, 509648931, 1, 1, '', 0, '', 196, 3159, 5, 48, 75),
(101, 32, 271962532, 1, 0, '', 0, '', 4, 16, 1, 4, 15),
(102, 32, 327798484, 1, 0, '', 0, '', 48, 671, 3, 5, 45),
(103, 32, 568780245, 1, 0, '', 0, '', 83, 1277, 3, 38, 45),
(104, 37, 493947428, 1, 0, '', 0, '', 23, 704, 2, 8, 30),
(105, 32, 406219447, 1, 0, '', 0, '', 24, 206, 2, 10, 30),
(106, 32, 379786015, 1, 0, '', 0, '', 84, 1243, 3, 41, 45),
(107, 37, 504420038, 1, 0, '', 0, '', 0, 0, 1, 0, 15),
(108, 32, 575163339, 1, 0, '', 0, '', 0, 0, 1, 0, 15),
(109, 37, 554739244, 1, 0, '', 0, '', 0, 0, 1, 0, 15),
(110, 32, 540039167, 1, 0, '', 0, '', 4, 60, 1, 4, 15),
(111, 32, 165919847, 1, 0, '', 0, '', 2, 34, 1, 2, 15),
(112, 40, 423555969, 4, 0, '', 0, '', 280, 3000, 6, 58, 90),
(113, 40, 271945709, 6, 0, '', 0, '', 51, 554, 3, 7, 45),
(114, 40, 533510979, 1, 0, '', 0, '', 4, 38, 1, 4, 15),
(115, 40, 533510979, 1, 0, '', 0, '', 4, 38, 1, 4, 15),
(116, 40, 463494178, 1, 0, '', 0, '', 33, 456, 2, 19, 30),
(117, 40, 455116319, 1, 0, '', 0, '', 25, 333, 2, 10, 30),
(118, 40, 582910158, 1, 0, '', 0, '', 38, 543, 2, 23, 30),
(119, 40, 482733131, 1, 0, '', 0, '', 0, 0, 1, 0, 15),
(120, 40, 501701071, 1, 0, '', 0, '', 0, 0, 1, 0, 15),
(121, 40, 570822022, 1, 0, '', 0, '', 1, 14, 1, 1, 15),
(122, 40, 172647442, 1, 0, '', 0, '', 160, 2135, 5, 14, 75),
(123, 40, 530547400, 1, 0, '1903436413171', 0, '', 35, 346, 2, 20, 30),
(124, 40, 294137558, 1, 0, '', 0, '', 218, 4645, 5, 71, 75),
(125, 40, 222242924, 1, 0, '', 0, '', 4, 42, 1, 4, 15),
(126, 40, 462473045, 1, 0, '', 0, '', 0, 0, 1, 0, 15),
(127, 40, 463789864, 1, 0, '', 0, '', 171, 3043, 5, 22, 75),
(128, 40, 575749594, 1, 0, '', 0, '', 71, 1073, 3, 27, 45),
(129, 40, 482219328, 1, 0, '', 0, '', 15, 210, 2, 0, 30),
(130, 40, 514678790, 1, 0, '', 0, '', 28, 2346, 2, 14, 30),
(131, 40, 528308638, 1, 0, '', 0, '', 3, 31, 1, 3, 15),
(132, 40, 217885070, 6, 0, '', 0, '', 29, 415, 2, 15, 30),
(133, 40, 353999031, 1, 0, '', 0, '', 1, 19, 1, 1, 15),
(134, 40, 458769912, 1, 0, '', 0, '', 2, 30, 1, 2, 15),
(135, 40, 504013938, 1, 0, '', 0, '', 26, 480, 2, 11, 30),
(136, 40, 515396823, 1, 0, '', 0, '', 33, 488, 2, 19, 30),
(137, 40, 517920908, 1, 0, '', 0, '', 1, 22, 1, 1, 15),
(138, 40, 553405541, 1, 0, '', 0, '', 1, 2, 1, 1, 15),
(139, 40, 341832220, 1, 0, '', 0, '', 8, 49, 1, 8, 15),
(140, 40, 541280148, 1, 0, '', 0, '', 0, 0, 1, 0, 15),
(141, 40, 544014376, 1, 0, '', 0, '', 3, 73, 1, 3, 15),
(142, 40, 506323198, 1, 0, '', 0, '', 0, 0, 1, 0, 15),
(143, 40, 587300211, 1, 0, '', 0, '', 14, 215, 1, 14, 15),
(144, 40, 388813975, 1, 0, '', 0, '', 12, 149, 1, 12, 15),
(145, 40, 303174331, 1, 0, '', 0, '', 46, 501, 3, 1, 45),
(146, 40, 535139326, 1, 0, '', 0, '', 3, 14, 1, 3, 15),
(147, 40, 525466996, 1, 0, '', 0, '', 2, 11, 1, 2, 15),
(148, 7, 423555969, 1, 0, '', 0, '', 0, 0, 1, 0, 15),
(149, 40, 580516871, 1, 0, '', 0, '', 18, 384, 2, 3, 30),
(150, 40, 505992244, 1, 0, '', 0, '', 0, 0, 1, 0, 15),
(151, 40, 511103743, 1, 0, '', 0, '', 98, 1097, 4, 9, 60),
(152, 40, 522658762, 1, 0, '', 0, '', 0, 0, 1, 0, 15),
(153, 40, 336569288, 1, 0, '', 0, '', 1, 8, 1, 1, 15),
(154, 40, 534569042, 1, 0, '', 0, '', 2, 16, 1, 2, 15),
(155, 40, 375747392, 1, 0, '', 0, '', 0, 0, 1, 0, 15),
(156, 40, 503160599, 1, 0, '', 0, '', 0, 0, 1, 0, 15),
(157, 40, 545315125, 1, 0, '', 0, '', 0, 0, 1, 0, 15),
(158, 40, 578956079, 1, 0, '', 0, '', 1, 4, 1, 1, 15),
(159, 40, 487948034, 1, 0, '', 0, '', 8, 193, 1, 8, 15),
(160, 40, 443175611, 1, 0, '', 0, '', 2, 45, 1, 2, 15),
(161, 40, 538944619, 1, 0, '', 0, '', 2, 39, 1, 2, 15),
(162, 40, 361556482, 1, 0, '', 0, '', 89, 1281, 4, 0, 60),
(163, 40, 361413485, 1, 0, '', 0, '', 8, 110, 1, 8, 15),
(164, 40, 373609710, 1, 0, '', 0, '', 2, 30, 1, 2, 15),
(165, 40, 111242097, 1, 0, '', 0, '', 24, 345, 2, 10, 30),
(166, 40, 268141214, 1, 0, '', 0, '', 8, 73, 1, 8, 15),
(167, 40, 462898230, 1, 0, '', 0, '', 23, 266, 2, 8, 30),
(168, 40, 389778181, 1, 0, '', 0, '', 6, 51, 1, 6, 15),
(169, 40, 516071446, 1, 0, '', 0, '', 15, 276, 2, 1, 30),
(170, 40, 537042684, 1, 0, '', 0, '', 74, 933, 3, 30, 45),
(171, 40, 577378239, 1, 0, '', 0, '', 6, 95, 1, 6, 15),
(172, 40, 488257176, 1, 0, '', 0, '', 0, 0, 1, 0, 15),
(173, 40, 419307764, 1, 0, '', 0, '', 1, 31, 1, 1, 15),
(174, 32, 259533897, 1, 0, '', 0, '', 0, 0, 1, 0, 15),
(175, 40, 548027717, 1, 0, '', 0, '', 1, 335, 1, 1, 15),
(176, 40, 569978936, 1, 0, '', 0, '', 2, 26, 1, 2, 15),
(177, 40, 511106078, 1, 0, '', 0, '', 0, 0, 1, 0, 15),
(178, 40, 466294355, 1, 0, '', 0, '', 1, 8, 1, 1, 15),
(179, 40, 420035850, 1, 0, '', 0, '', 3, 83, 1, 3, 15),
(180, 40, 533788567, 1, 0, '', 0, '', 0, 0, 1, 0, 15),
(181, 40, 458852015, 1, 0, '', 0, '', 0, 0, 1, 0, 15),
(182, 40, 417886757, 1, 0, '', 0, '', 1, 36, 1, 1, 15),
(183, 40, 481228615, 1, 0, '', 0, '', 0, 0, 1, 0, 15),
(184, 40, 495028728, 1, 0, '', 0, '', 220, 2021, 5, 72, 75),
(185, 40, 495028728, 1, 0, '', 0, '', 220, 2021, 5, 72, 75),
(186, 40, 453193343, 1, 0, '', 0, '', 6, 54, 1, 6, 15),
(187, 40, 345842245, 1, 0, '', 0, '', 1, 5, 1, 1, 15),
(188, 40, 228374711, 1, 0, '', 0, '', 1, 16, 1, 1, 15),
(189, 40, 527981680, 1, 0, '', 0, '', 3, 24, 1, 3, 15),
(190, 40, 388084757, 1, 0, '', 0, '', 6, 60, 1, 6, 15),
(191, 40, 393562668, 1, 0, '', 0, '', 11, 154, 1, 11, 15),
(192, 40, 544911516, 1, 0, '', 0, '', 1, 14, 1, 1, 15),
(193, 40, 574232940, 1, 0, '', 0, '', 4, 24, 1, 4, 15),
(194, 40, 459575934, 1, 0, '', 0, '', 36, 390, 2, 21, 30),
(195, 40, 458895875, 1, 0, '', 0, '', 8, 199, 1, 8, 15),
(196, 40, 578325510, 1, 0, '', 0, '', 0, 0, 1, 0, 15),
(197, 40, 576479037, 1, 0, '', 0, '', 1, 13, 1, 1, 15),
(198, 40, 547968964, 1, 0, '', 0, '', 2, 5, 1, 2, 15),
(199, 40, 298649445, 1, 0, '', 0, '', 3, 43, 1, 3, 15),
(200, 40, 576710676, 1, 0, '', 0, '', 0, 0, 1, 0, 15),
(201, 40, 398238973, 1, 0, '', 0, '', 0, 0, 1, 0, 15),
(202, 40, 543765564, 1, 0, '', 0, '', 0, 0, 1, 0, 15),
(203, 32, 163082415, 1, 0, '', 0, '', 22, 269, 2, 7, 30),
(204, 32, 559997742, 1, 0, '', 0, '', 1, 3, 1, 1, 15),
(205, 32, 339182612, 1, 0, '', 0, '', 5, 113, 1, 5, 15),
(206, 32, 586105023, 1, 0, '', 0, '', 5, 64, 1, 5, 15),
(207, 37, 547312717, 1, 0, '', 0, '', 0, 0, 1, 0, 15),
(208, 32, 431338552, 1, 0, '', 0, '', 0, 0, 1, 0, 15),
(209, 32, 470039415, 1, 0, '', 0, '', 24, 370, 2, 9, 30),
(210, 32, 314941834, 1, 0, '', 0, '', 0, 0, 1, 0, 15),
(211, 32, 313347358, 1, 0, '', 0, '', 305, 4423, 6, 82, 90),
(212, 32, 502584662, 1, 0, '', 0, '', 26, 346, 2, 12, 30),
(213, 32, 464557672, 1, 0, '', 0, '', 27, 348, 2, 12, 30),
(214, 32, 244652898, 1, 0, '', 0, '', 0, 0, 1, 0, 15),
(215, 32, 529515805, 1, 0, '', 0, '', 77, 1051, 3, 33, 45),
(216, 32, 348011153, 1, 0, '', 0, '', 4, 45, 1, 4, 15),
(217, 32, 515711748, 1, 0, '', 0, '', 14, 180, 1, 14, 15),
(218, 32, 287914102, 1, 0, '', 0, '', 0, 0, 1, 0, 15),
(219, 32, 492227403, 1, 0, '', 0, '', 2, 35, 1, 2, 15),
(220, 39, 564799068, 6, 0, '', 0, '', 7, 139, 1, 7, 15),
(221, 32, 469229067, 1, 0, '', 0, '', 1, 4, 1, 1, 15),
(222, 32, 384857889, 1, 0, '', 0, '', 17, 222, 2, 2, 30),
(223, 32, 335969796, 1, 0, '', 0, '', 0, 0, 1, 0, 15),
(224, 32, 305285932, 1, 0, '', 0, '', 11, 370, 1, 11, 15),
(225, 32, 250497346, 1, 0, '', 0, '', 0, 0, 1, 0, 15),
(226, 32, 386082583, 1, 0, '', 0, '', 14, 125, 1, 14, 15),
(227, 32, 550427464, 1, 0, '', 0, '', 0, 0, 1, 0, 15),
(228, 5, 482547649, 1, 0, '', 0, '', 0, 0, 1, 0, 15),
(229, 5, 522736453, 1, 0, '', 0, '', 0, 0, 1, 0, 15),
(230, 32, 549963103, 1, 0, '', 0, '', 0, 0, 1, 0, 15),
(231, 32, 382505203, 1, 0, '', 0, '', 2, 58, 1, 2, 15),
(232, 32, 485040188, 1, 0, '', 0, '', 0, 0, 1, 0, 15),
(233, 32, 454174990, 1, 0, '', 0, '', 2, 27, 1, 2, 15),
(234, 32, 502962653, 1, 0, '', 0, '', 0, 0, 1, 0, 15),
(235, 32, 434343764, 1, 0, '', 0, '', 2, 23, 1, 2, 15),
(236, 32, 382834445, 1, 1, '', 0, '', 12, 212, 1, 12, 15),
(237, 32, 268732864, 1, 0, '', 0, '', 235, 2691, 6, 14, 90),
(238, 32, 326869811, 1, 0, '', 0, '', 7, 88, 1, 7, 15),
(239, 32, 179365663, 1, 0, '', 0, '', 58, 515, 3, 13, 45),
(240, 32, 595804367, 1, 1, '', 0, '', 0, 0, 1, 0, 15),
(241, 32, 160311081, 1, 0, '', 0, '', 5, 38, 1, 5, 15),
(242, 37, 465292298, 1, 0, '', 0, '', 0, 0, 1, 0, 15),
(243, 35, 578932545, 1, 0, '', 0, '', 0, 0, 1, 0, 15),
(244, 99, 360656457, 6, 0, '', 0, '', 16, 161, 2, 2, 30),
(245, 7, 544122502, 1, 0, '1904133928990', 0, '', 6, 493, 1, 6, 15),
(246, 99, 584366601, 1, 0, '', 0, '', 128, 3675, 4, 40, 60);

-- --------------------------------------------------------

--
-- Структура таблицы `zametki`
--

CREATE TABLE `zametki` (
  `id` int(11) NOT NULL,
  `chat_id` int(11) NOT NULL,
  `text` text CHARACTER SET utf8mb4 COLLATE utf8mb4_unicode_ci NOT NULL,
  `name` text CHARACTER SET utf8mb4 COLLATE utf8mb4_unicode_ci NOT NULL,
  `rol` int(11) NOT NULL,
  `owner` int(11) NOT NULL,
  `data` text NOT NULL,
  `command` text CHARACTER SET utf8mb4 COLLATE utf8mb4_unicode_ci NOT NULL
) ENGINE=InnoDB DEFAULT CHARSET=utf8;

--
-- Дамп данных таблицы `zametki`
--

INSERT INTO `zametki` (`id`, `chat_id`, `text`, `name`, `rol`, `owner`, `data`, `command`) VALUES
(3, 7, '!заметки', 'важно', 1, 217885070, '1587326480288', '!тест'),
(4, 7, 'МЫ ЕБЛАНЫ И НАМ СКУЧНО, НАШ ДЕВИЗ, ПОКАЖИ СИСЬКИ И ПИСЬКУ', 'девиз', 1, 427591074, '1587331467475', '!хуй'),
(5, 7, 'НАШИМ КОТИКАМ НУЖНЫ СИСЬКИ', 'кек', 1, 217885070, '1587331662468', ''),
(7, 32, 'Спокойной ночи ❤', 'спок', 1, 217885070, '1587938311949', '!спок');

--
-- Индексы сохранённых таблиц
--

--
-- Индексы таблицы `accounts`
--
ALTER TABLE `accounts`
  ADD PRIMARY KEY (`id`);

--
-- Индексы таблицы `chats`
--
ALTER TABLE `chats`
  ADD PRIMARY KEY (`id`);

--
-- Индексы таблицы `users`
--
ALTER TABLE `users`
  ADD PRIMARY KEY (`id`);

--
-- Индексы таблицы `zametki`
--
ALTER TABLE `zametki`
  ADD PRIMARY KEY (`id`);

--
-- AUTO_INCREMENT для сохранённых таблиц
--

--
-- AUTO_INCREMENT для таблицы `accounts`
--
ALTER TABLE `accounts`
  MODIFY `id` int(11) NOT NULL AUTO_INCREMENT, AUTO_INCREMENT=341;
--
-- AUTO_INCREMENT для таблицы `users`
--
ALTER TABLE `users`
  MODIFY `id` int(11) NOT NULL AUTO_INCREMENT, AUTO_INCREMENT=247;
--
-- AUTO_INCREMENT для таблицы `zametki`
--
ALTER TABLE `zametki`
  MODIFY `id` int(11) NOT NULL AUTO_INCREMENT, AUTO_INCREMENT=8;
/*!40101 SET CHARACTER_SET_CLIENT=@OLD_CHARACTER_SET_CLIENT */;
/*!40101 SET CHARACTER_SET_RESULTS=@OLD_CHARACTER_SET_RESULTS */;
/*!40101 SET COLLATION_CONNECTION=@OLD_COLLATION_CONNECTION */;
